<?xml version="1.0" encoding="UTF-8"?>
<!DOCTYPE mapper PUBLIC "-//mybatis.org//DTD Mapper 3.0//EN" "http://mybatis.org/dtd/mybatis-3-mapper.dtd">

<!-- mmmmmmmmmmmmmmmmmmmmmmmmmmmmmmmmmmmmmmmmmmmmmmmmmmmmm -->
<!-- mapper 태그 선언 -->
<!-- mmmmmmmmmmmmmmmmmmmmmmmmmmmmmmmmmmmmmmmmmmmmmmmmmmmmm -->
<mapper namespace="com.naver.erp.BoardDAO">


<!-- *********************************************************** -->
<!-- 게시판 글 목록 구할 때 사용할 where 절을 sql 태그 안에 선언하기 -->
<!-- *********************************************************** -->
<sql id="boardWhere">
    
        <!-- ============================================================== -->
        <!-- 만약 키워드1가 null 이 아니고 길이가 0보다 크면 where 절에 참여하기 -->
        <!-- ============================================================== -->       
        <!-- 백업용 주석처리. -->
        <!-- <if test="keyword1!=null and keyword1.length()>0">
            and(
                upper(subject) like upper('%${keyword1}%')
                or upper(content) like upper('%${keyword1}%')
                or upper(writer) like upper('%${keyword1}%')
                or upper(email) like upper('%${keyword1}%')
                or to_char(reg_date, 'YYYY-MM-DD') like '%${keyword1}%'
                or to_char(reg_date, 'YYYYMMDD') like '%${keyword1}%'
                or to_char(reg_date, 'YYYY/MM/DD') like '%${keyword1}%'
                or to_char(reg_date, 'YYYY,MM,DD') like '%${keyword1}%'
            )
        </if>   -->




        <!-- ============================================================== -->
        <!-- 만약 BoardSearchDTO 객체의 속성변수 keyword1 에 문자열이 있거나 속성변수 keyword2 에 문자열 이 있으면, -->
        <!-- ============================================================== -->
        <if test="keyword1!=null and keyword1.length()>0 or keyword2!=null and keyword2.length()>0">
            and(
        </if>  
            <!-- ============================================================== -->
            <!-- 만약 BoardSearchDTO 객체의 속성변수 keyword1 에 문자열이 있으면 -->
            <!-- ============================================================== -->
            <if test="keyword1!=null and keyword1.length()>0">
                (       
                    upper(subject) like upper('%${keyword1}%')
                    or upper(content) like upper('%${keyword1}%')
                    or upper(writer) like upper('%${keyword1}%')
                    or upper(email) like upper('%${keyword1}%')
                    or to_char(reg_date, 'YYYY-MM-DD') like '%${keyword1}%'
                    or to_char(reg_date, 'YYYYMMDD') like '%${keyword1}%'
                    or to_char(reg_date, 'YYYY/MM/DD') like '%${keyword1}%'
                    or to_char(reg_date, 'YYYY,MM,DD') like '%${keyword1}%'
                )
            </if>  
        <!-- ============================================================== -->
        <!-- 만약 BoardSearchDTO 객체의 속성변수 keyword1 에 문자열이 있고 속성변수 keyword2 에 문자열 이 있으면, -->
        <!-- BoardSearchDTO 객체의 속성변수 orAnd 에 문자열을 싱글쿼트 안붙이고 그대로 표현하기. -->
        <!-- ============================================================== -->
        <if test="keyword1!=null and keyword1.length()>0 and keyword2!=null and keyword2.length()>0">
            ${orAnd}
        </if>  

            <!-- ============================================================== -->
            <!-- 만약 BoardSearchDTO 객체의 속성변수 keyword2 에 문자열이 있으면 -->
            <!-- ============================================================== -->
            <if test="keyword2!=null and keyword2.length()>0">
                (
                    upper(subject) like upper('%${keyword2}%')
                    or upper(content) like upper('%${keyword2}%')
                    or upper(writer) like upper('%${keyword2}%')
                    or upper(email) like upper('%${keyword2}%')
                    or to_char(reg_date, 'YYYY-MM-DD') like '%${keyword2}%'
                    or to_char(reg_date, 'YYYYMMDD') like '%${keyword2}%'
                    or to_char(reg_date, 'YYYY/MM/DD') like '%${keyword2}%'
                    or to_char(reg_date, 'YYYY,MM,DD') like '%${keyword2}%'
                )
            </if>  
        <!-- ============================================================== -->
        <!-- 만약 BoardSearchDTO 객체의 속성변수 keyword1 에 문자열이 있거나 속성변수 keyword2 에 문자열 이 있으면, -->
        <!-- ============================================================== -->
        <if test="keyword1!=null and keyword1.length()>0 or keyword2!=null and keyword2.length()>0">
            )
        </if>  








        <!-- 내가 만들어 본 쌍키워드 쿼리. 위의 정답과 다른점 보기. 기능은 같음. -->
        <!-- <if test="keyword1!=null and keyword1.length()>0">
        and    
            <if test="keyword1!=null and keyword1.length()>0 and keyword2!=null and keyword2.length()>0">
            ( 
            </if>  

            (
                upper(subject) like upper('%${keyword1}%')
                or
                upper(content) like upper('%${keyword1}%')
                or
                upper(writer) like upper('%${keyword1}%')
                or
                upper(email) like upper('%${keyword1}%')
                or
                to_char(reg_date, 'YYYY-MM-DD') like '%${keyword1}%'
                or
                to_char(reg_date, 'YYYYMMDD') like '%${keyword1}%'
                or
                to_char(reg_date, 'YYYY/MM/DD') like '%${keyword1}%'
                or
                to_char(reg_date, 'YYYY,MM,DD') like '%${keyword1}%'
            )

        </if> -->

        <!-- <if test="keyword1!=null and keyword1.length()>0 and keyword2!=null and keyword2.length()>0">
            <if test="orAnd.equals('and')"> and </if>
            <if test="orAnd.equals('or')"> or </if>
        </if>  

        <if test="keyword1=='' and keyword2!=null and keyword2.length()>0">
            and
        </if>   -->

        <!-- ============================================================== -->
        <!-- 만약 키워드2가 null 이 아니고 길이가 0보다 크면 where 절에 참여하기 -->
        <!-- ============================================================== -->
        <!-- <if test="keyword2!=null and keyword2.length()>0">
            (
                upper(subject) like upper('%${keyword2}%')
                or
                upper(content) like upper('%${keyword2}%')
                or
                upper(writer) like upper('%${keyword2}%')
                or
                upper(email) like upper('%${keyword2}%')
                or
                to_char(reg_date, 'YYYY-MM-DD') like '%${keyword2}%'
                or
                to_char(reg_date, 'YYYYMMDD') like '%${keyword2}%'
                or
                to_char(reg_date, 'YYYY/MM/DD') like '%${keyword2}%'
                or
                to_char(reg_date, 'YYYY,MM,DD') like '%${keyword2}%'
            )
        </if>
        <if test="keyword1!=null and keyword1.length()>0 and keyword2!=null and keyword2.length()>0">
        )
        </if>  -->

    



    

        <!-- ====================================================== -->
        <!-- 만약 BoardSearchDTO 객체의 속성변수 day 가 null 아 아니고, 저장된 개수가 0보다 크면, -->
        <!-- ====================================================== -->
        <if test="day!=null and day.size()>0"> 
            and
            <!-- ======================================================== -->
            <!-- [mybatis 의 반복문]을 사용하여 BoardSearchDTO 객체의 속성변수 day 에 -->
            <!-- 들어있는 데이터를 꺼내어 검색조건 SQL 문 만들기 -->
            <!-- ======================================================== -->
                <!-- ================================== -->
                <!-- [mybatis foreach 반복문]의 속성 설명 -->
                <!-- ================================== -->
                <!-- collection="이 쿼리문에 참여하는 외부 데이터 중 배열 또는 ArrayList 객체의 메위주가 저장된 변수명" -->
                <!-- item="반복문 돌때마다 배열객체 또는 ArrayList 객체 안의 데이터를 하나씩 꺼내서 저장할 지역변수명" -->
                <!-- open="반복문 시작 전에 삽입할 문자" -->
                <!-- close="반복문 끝난 후에 삽입할 문자" -->
                <!-- separator="반복문에 의해 표현되는 쿼리문 사이 사이에 삽입될 쿼리 일부분" -->
                <!-- 반복문이 한번만 돈다면 separator 부분 들어가지 않는다. 최소 2회 이상 돌아야 한다. -->
                <!-- index="반복문 안에서 사용할 인덱스 일련 번호 저장 지역변수명"  (0부터 시작한다.) -->

            <foreach collection="day" item="day" open="(" separator=" or " close=")" index="idx">

                <!-- ====================================================== -->
                <!-- 만약 지역변수 day 에 '오늘' 라는 문자가 들어 있으면 -->
                <!-- ====================================================== -->
                <if test="day.equals('오늘')">
                    to_char(reg_date, 'YYYYMMDD') = to_char(sysdate, 'YYYYMMDD')
                </if>
                <!-- ====================================================== -->
                <!-- 만약 지역변수 day 에 '어제' 라는 문자가 들어 있으면 -->
                <!-- ====================================================== -->
                <if test="day.equals('어제')">
                    to_char(reg_date, 'YYYYMMDD') = to_char(sysdate-1, 'YYYYMMDD')
                </if>   
                <!-- ====================================================== -->
                <!-- 만약 지역변수 day 에 '그제' 라는 문자가 들어 있으면 -->
                <!-- ====================================================== -->
                <if test="day.equals('그제')">
                    to_char(reg_date, 'YYYYMMDD') = to_char(sysdate-2, 'YYYYMMDD')
                </if>   

                <if test="day.equals('최근7일')">
                    to_number(to_char(reg_date, 'YYYYMMDD')) 
                    between 
                        to_number(to_char(sysdate-6, 'YYYYMMDD')) 
                        and 
                        to_number(to_char(sysdate, 'YYYYMMDD'))


                    <!-- 수동으로 이렇게 해주어도 나옴. -->
                    <!-- to_char(reg_date, 'YYYYMMDD') = to_char(sysdate, 'YYYYMMDD')
                    or
                    to_char(reg_date, 'YYYYMMDD') = to_char(sysdate-1, 'YYYYMMDD')
                    or
                    to_char(reg_date, 'YYYYMMDD') = to_char(sysdate-2, 'YYYYMMDD')
                    or
                    to_char(reg_date, 'YYYYMMDD') = to_char(sysdate-3, 'YYYYMMDD')
                    or
                    to_char(reg_date, 'YYYYMMDD') = to_char(sysdate-4, 'YYYYMMDD')
                    or
                    to_char(reg_date, 'YYYYMMDD') = to_char(sysdate-5, 'YYYYMMDD')
                    or
                    to_char(reg_date, 'YYYYMMDD') = to_char(sysdate-6, 'YYYYMMDD') -->

                </if>    
            </foreach>
        
        </if>
</sql>





    <!-- ***************************************************** -->
    <!-- 게시판 글 입력하는 insert 문을 내포한 insert 태그 선언 -->
    <!-- ***************************************************** -->
        <!-- pararmeterType 속성은 안에 내장된 쿼리 호출하면서 삽입되는 데이터의 자료형을 지정함. -->
        <!-- insert 태그안에서는 resultType 속성이 없다. 리턴값은 자동으로 int 형이다. -->
        <!-- insert, update, delete 태그도 동일하다. -->
    <!-- ***************************************************** -->

    <insert id='insertBoard' parameterType="com.naver.erp.BoardDTO">
    
        insert into board(

            b_no
            ,subject
            ,writer
            --,reg_date       
            ,readcount
            ,content

            <!-- ======================================== -->
            <!-- 만약에 BoardDTO 객체안의 pic 속성변수에 데이터가 있으면 -->
            <!-- <참고> pic 속성변수에는 업로드된 파일의 새이름이 저장되어 있다. -->
            <!-- ======================================== -->
            <if test="pic!=null and pic.length()>0">
            ,pic  
            </if>

            ,pwd
            ,email
            ,group_no
            ,print_no
            ,print_level

        ) values(
            (select nvl(max(b_no),0)+1 from board)
            ,#{subject} <!-- BoardDTO 객체의 subject 속성변수 안의 값 삽입하기. 문자면 '' 를 앞뒤에 붙여준다. -->
            ,#{writer}  <!-- BoardDTO 객체의 writer 속성변수 안의 값 삽입하기. 문자면 '' 를 앞뒤에 붙여준다. -->
            ,0
            ,#{content} <!-- BoardDTO 객체의 content 속성변수 안의 값 삽입하기. 문자면 '' 를 앞뒤에 붙여준다. -->
            

            <!-- ======================================== -->
            <!-- 만약에 BoardDTO 객체안의 pic 속성변수에 데이터가 있으면 -->
            <!-- ======================================== -->
            <if test="pic!=null and pic.length()>0">
            <!-- ======================================== -->
            <!-- pic 속성변수에 데이터 꺼내서 '' 를 붙여서 표현하기 -->
            <!-- ======================================== -->
            ,#{pic}  
            </if>
            
            
            ,#{pwd}     <!-- BoardDTO 객체의 pwd 속성변수 안의 값 삽입하기. 문자면 '' 를 앞뒤에 붙여준다. -->
            ,#{email}   <!-- BoardDTO 객체의 email 속성변수 안의 값 삽입하기. 문자면 '' 를 앞뒤에 붙여준다. -->
            

            <!-- ********************************************************************
            만약에 자바의 BoardDTO 객체의 속성변수 b_no 가 0이면, 즉, 새글쓰기 모드면
            그룹번호를 PK 값으로, 출력순서 번호와 들여쓰기 레벨은 0 으로 입력하기
            ********************************************************************* -->
            <if test="b_no==0">
            ,(select nvl(max(b_no),0)+1 from board)
            ,0
            ,0
            </if>

            <!-- ********************************************************************
            만약에 자바의 BoardDTO 객체의 속성변수 b_no 가 0보다 크면, 즉, 댓글쓰기 모드면
            그룹번호를 엄마 PK 번호로, 출력순서 번호와 들여쓰기 레벨은
            엄마꺼보다 1 더 큰 값으로 입력하기
            ********************************************************************* -->
            <if test="b_no>0">
            , (select group_no from board where b_no=#{b_no}) 
            , (select print_no + 1 from board where b_no=#{b_no}) 
            , (select print_level + 1 from board where b_no=#{b_no}) 
            </if>

        )
    
    </insert>

    <!-- ********************************************************************* -->
    <!-- 게시판 검색하는 select 문을 내포한 select 태그 선언 -->
    <!-- ********************************************************************* -->
    <select id="getBoardList" parameterType="com.naver.erp.BoardSearchDTO" resultType="java.util.HashMap">
    
        select * from ( select rownum RNUM, zxcvb.* from (

            select 
                b_no||''                         "b_no"
                ,subject                         "subject"
                ,writer                          "writer"
                ,readcount||''                   "readcount"
                ,to_char(reg_date, 'YY-MM-DD (dy)', 'NLS_DATE_LANGUAGE = Korean') "reg_date"
                ,print_level||''                 "print_level"     
            from
                board
            where 
                1=1
                <!-- ==================================== -->
                <!-- <sql id="boardWhere"> 태그 안에 삽입된 SQL 구문 삽입하기 -->
                <!-- ==================================== -->
                <include refid="boardWhere"/>

            order by 
                <if test="sort==null or sort.length()==0">
                    group_no desc
                    ,print_no asc
                </if>
                <if test="sort!=null and sort.length()>0">
                    ${sort}
                </if>
        ) zxcvb 
        <![CDATA[   
            where rownum <= ${selectPageNo*rowCntPerPage} ) 
                    where RNUM >= ${selectPageNo*rowCntPerPage-rowCntPerPage+1}        
        ]]>
    
    </select>



    <select id="getCheckBoardList" parameterType="com.naver.erp.BoardSearchDTO" resultType="java.util.HashMap">
    
        select * from ( select rownum RNUM, zxcvb.* from (

            select 
                b_no||''                         "b_no"
                ,subject                         "subject"
                ,writer                          "writer"
                ,readcount||''                   "readcount"
                ,to_char(reg_date, 'YY-MM-DD (dy)', 'NLS_DATE_LANGUAGE = Korean') "reg_date"
                ,print_level||''                 "print_level"     
            from
                board
            where 
                1=1
                <if test="day!=null and today.length()>0">
                and (
                    to_char(reg_date, 'YYYY-MM-DD') like to_char(sysdate, 'YYYY-MM-DD')
                )
                </if>

            order by 
                group_no desc
                ,print_no asc

        ) zxcvb 
        <![CDATA[   
            where rownum <= ${selectPageNo*rowCntPerPage} ) 
                    where RNUM >= ${selectPageNo*rowCntPerPage-rowCntPerPage+1}        
        ]]>
    
    </select>






    <select id="getBoardListCount" parameterType="com.naver.erp.BoardSearchDTO" resultType="int">
      
      
        select
            count(*)
        from     
            board
        where 
            1=1
            <!-- ==================================== -->
            <!-- <sql id="boardWhere"> 태그 안에 삽입된 SQL 구문 삽입하기 -->
            <!-- ==================================== -->
            <include refid="boardWhere"/>
    

    </select>


    <!-- ********************************************************************* -->
    <!-- 게시판 1개 글 검색하는 select 문을 내포한 select 태그 선언 -->
    <!-- ********************************************************************* -->
    <select id="getBoard" parameterType="int" resultType="com.naver.erp.BoardDTO">

        select

            b_no            "b_no"
            ,subject        "subject"
            ,writer         "writer"
            ,to_char(reg_date, 'YY-MM-DD (dy) HH24:MI:SS')       "reg_date"
            ,readcount      "readcount"
            ,content        "content"

            ,pic            "pic"

            ,pwd            "pwd"
            ,email          "email"
            ,group_no       "group_no"
            ,print_no       "print_no"
            ,print_level    "print_level"

        from board 

        where 
            b_no=#{b_no}
    
    </select>

    <!-- ********************************************************************* -->
    <!-- 조회수 1 증가하는 즉, 수정하는 update 문을 내포한 update 태그 선언 -->
    <!-- ********************************************************************* -->
    <update id="updateReadcount" parameterType="int">
    
       update board set readcount = readcount + 1 where b_no=#{b_no}
    
    </update>



    <!-- ********************************************************************* -->
    <!-- 삭제/수정할 게시판의 존재 개수를 리턴하는 select 선언 -->
    <!-- ********************************************************************* -->
    <select id="getBoardCnt" parameterType="com.naver.erp.BoardDTO" resultType="int">
    
        select count(*) from board where b_no=#{b_no}
    
    </select>

    <!-- ********************************************************************* -->
    <!-- 삭제/수정할 비밀번호 개수를 리턴하는 select 선언 -->
    <!-- ********************************************************************* -->
    <select id="getPwdCnt" parameterType="com.naver.erp.BoardDTO" resultType="int">
        
        select count(*) from board where b_no=#{b_no} and pwd=#{pwd}

    </select>

    <!-- ********************************************************************* -->
    <!-- 게시판 수정하는 update 을 내포하는 update 태그 선언 -->
    <!-- ********************************************************************* -->
    <update id="updateBoard" parameterType="com.naver.erp.BoardDTO">
    
        update 
            board 
        set 
            subject=#{subject}
            ,writer=#{writer}
            ,content=#{content}

            <if test="is_del!=null and is_del.length()>0">
            ,pic=null
            </if>

            <if test="is_del==null or is_del.length()==0">
                <if test="pic!=null and pic.length()>0">
                ,pic=#{pic}
                </if>
            </if>

            ,email=#{email}
        where 
            b_no=#{b_no}
            and
            pwd=#{pwd}
    
    </update>

    <!-- ********************************************************************* -->
    <!-- 삭제할 게시판의 자식글 존재 개수를 리턴하는 select 내포하는 select 태그 선언 -->
    <!-- ********************************************************************* -->
    <select id="getChildrenCnt" parameterType="com.naver.erp.BoardDTO" resultType="int">
    
        select 
            count(*) 
        from 
            board 
        where 
            group_no=(select group_no from board where b_no = #{b_no})
            and 
            print_no=(select print_no+1 from board where b_no = #{b_no})
            and 
            print_level=(select print_level+1 from board where b_no = #{b_no})
    
    </select>


    <!-- ********************************************************************* -->
    <!-- 삭제될 게시판 이후 글의 출력 순서번호를 1씩 감소 시킨 후 수정하는 update 내포하는 update 태그 선언 -->
    <!-- ********************************************************************* -->
    <update id="downPrintNo" parameterType="com.naver.erp.BoardDTO">
    
        update 
            board 
        set 
            print_no= print_no - 1
        where 
            group_no = (select group_no from board where b_no = #{b_no})
            and
            print_no > (select print_no from board where b_no = #{b_no})


    </update>


    <!-- ********************************************************************* -->
    <!-- 게시판 삭제하는 delete 내포하는 delete 태그 선언 -->
    <!-- ********************************************************************* -->

    <delete id="deleteBoard" parameterType="com.naver.erp.BoardDTO">

        delete

        from 
            board         
        where 
            b_no=#{b_no}
            and
            pwd=#{pwd}

    </delete>


    <!-- ********************************************************************* -->
    <!-- 게시판 글 출력 번호 1증가하는 update 문을 내포한 update 태그 선언 -->
    <!-- ********************************************************************* -->
    <update id="updatePrintNo" parameterType="com.naver.erp.BoardDTO">

        update board set print_no = print_no + 1
        where 
            group_no = (select group_no from board where b_no=#{b_no}) 
            and
            print_no > (select print_no from board where b_no=#{b_no}) 

    </update>


    <!-- ********************************************************************* -->
    <!-- 게시판 이미지 이름가져오는 select 문을 내포한 select 태그 선언 -->
    <!-- ********************************************************************* -->
    <select id="getPic" parameterType="com.naver.erp.BoardDTO" resultType="String">
    
        select 
            pic
        from 
            board 
        where 
            b_no = #{b_no}
            and 
            pwd = #{pwd}
    
    </select>







</mapper>