<?xml version="1.0" encoding="UTF-8"?>
<!DOCTYPE mapper PUBLIC "-//mybatis.org//DTD Mapper 3.0//EN" "http://mybatis.org/dtd/mybatis-3-mapper.dtd">


<!--mmmmmmmmmmmmmmmmmmmmmmmmmmmmmmmmmmmmmmmmmmmmmmmmmmmmm-->
<!-- mapper 태그 선언 -->
<!--mmmmmmmmmmmmmmmmmmmmmmmmmmmmmmmmmmmmmmmmmmmmmmmmmmmmm-->
<mapper namespace="com.naver.erp.BoardDAO">


	<!--***************************************************-->
	<!-- 게시판 글 목록 구할 떄 사용할 where 절을 sql 태그 안에 선언하기 -->
	<!--***************************************************-->
	<sql id="boardWhere">
			<!--==================================================-->
			<!-- 만약 BoardSearchDTO 객체의 속성변수 keyword1 에 문자열이 있거나 속성변수 keyword2 에 문자열이 있으면-->
			<!--==================================================-->
			<if test="keyword1!=null and keyword1.length()>0 or keyword2!=null and keyword2.length()>0">
				and (
			</if>
			<!--==================================================-->
			<!-- 만약 BoardSearchDTO 객체의 속성변수 keyword1 에 문자열이 있으면-->
			<!--==================================================-->
			<if test="keyword1!=null and keyword1.length()>0">
				(
					upper(subject) like upper('%${keyword1}%')
					or upper(content) like upper('%${keyword1}%')
					or upper(writer) like upper('%${keyword1}%')
					or upper(email) like upper('%${keyword1}%')
					or to_char(reg_date,'YYYYMMDD') like '%${keyword1}%'
					or to_char(reg_date,'YYYY-MM-DD') like '%${keyword1}%'
					or to_char(reg_date,'YYYY.MM.DD') like '%${keyword1}%'
					or to_char(reg_date,'YYYY/MM/DD') like '%${keyword1}%'
				)
			</if>
			<!--==================================================-->
			<!-- 만약 BoardSearchDTO 객체의 속성변수 keyword1 에 문자열이 있고 속성변수 keyword2 에도 문자열이 있으면-->
			<!-- BoardSearchDTO 객체의 속성변수 orAnd 에 문자열을 싱글쿼드 안붙이고 그대로 표현하기-->
			<!--==================================================-->
			<if test="keyword1!=null and keyword1.length()>0 and keyword2!=null and keyword2.length()>0">
				${orAnd}
			</if>
			<!--==================================================-->
			<!-- 만약 BoardSearchDTO 객체의 속성변수 keyword2 에 문자열이 있으면-->
			<!--==================================================-->
			<if test="keyword2!=null and keyword2.length()>0">
				(
					upper(subject) like upper('%${keyword2}%')
					or upper(content) like upper('%${keyword2}%')
					or upper(writer) like upper('%${keyword2}%')
					or upper(email) like upper('%${keyword2}%')
					or to_char(reg_date,'YYYYMMDD') like '%${keyword2}%'
					or to_char(reg_date,'YYYY-MM-DD') like '%${keyword2}%'
					or to_char(reg_date,'YYYY.MM.DD') like '%${keyword2}%'
					or to_char(reg_date,'YYYY/MM/DD') like '%${keyword2}%'
				)
			</if>
			<!--==================================================-->
			<!-- 만약 BoardSearchDTO 객체의 속성변수 keyword1 에 문자열이 있거나 속성변수 keyword2 에 문자열이 있으면-->
			<!--==================================================-->
			<if test="keyword1!=null and keyword1.length()>0 or keyword2!=null and keyword2.length()>0">
				)
			</if>

			<!--==================================================-->
			<!--만약 BoardSearchDTO 객체의 속성변수 day 가 null 이 아니고 저장된 개수가 0 보다 크면-->
			<!--==================================================-->
			<if test="day!=null and day.size()>0">
				and
				<!--==================================================-->
				<!-- [mybatis 의 반복문]을 사용하여 BoardSearchDTO 객체의 속성변수 day 에  -->
				<!-- 들어 있는 데이터를 꺼내어 검색 조건 SQL문 만들기-->
				<!--==================================================-->
					<!--====================================-->
					<!-- [mybatis foreach 반복문]의 속성 설명 -->
					<!--====================================-->
						<!-- collection="이 쿼리문에 참여하는 외부 데이터 중 배열 또는 ArrayList 객체의 메위주가 저장된 변수명" -->
						<!-- item="반복문 돌때마다 배열객체 또는 ArrayList 객체 안의 데이터를 하나씩 꺼내서 저장할 지역변수명" -->
						<!-- open="반복문 시작 전에 삽입할 문자" -->
						<!-- close="반복문 끝난 후에 삽입할 문자" -->
						<!-- separator="반복문에 의해 표현되는 쿼리문 사이 사이에 삽입될 쿼리 일부분" -->
						<!-- index="반복문안에서 사용할 인덱스 일련 번호 저장 지역변수명"	 -->

				<foreach collection="day"  item="day"  open="("  separator=" or " close=")" index="idx">
						<!--==================================================-->
						<!-- 만약 지역변수 day 에  '오늘' 라는 문자가 들어 있으면-->
						<!--==================================================-->
						<if test="day.equals('오늘')">
							to_char(sysdate,'YYYYMMDD') = to_char(reg_date,'YYYYMMDD')
						</if>
						<!--==================================================-->
						<!-- 만약 지역변수 day 에  '어제' 라는 문자가 들어 있으면-->
						<!--==================================================-->
						<if test="day.equals('어제')">
							to_char(sysdate-1,'YYYYMMDD') = to_char(reg_date,'YYYYMMDD')
						</if>
						<!--==================================================-->
						<!-- 만약 지역변수 day 에  '어제' 라는 문자가 들어 있으면-->
						<!--==================================================-->
						<if test="day.equals('그제')">
							to_char(sysdate-2,'YYYYMMDD') = to_char(reg_date,'YYYYMMDD')
						</if>
				</foreach>
			</if>
	</sql>




	<!--***************************************************-->
	<!-- 게시판 글 입력하는 insert 문을 내포한 insert 태그 선언 -->
	<!--***************************************************-->
		<!-- parameterType 속성은 안에 내장된 쿼리 호출하면서 삽입되는 데이터의 자료형을 지정함. -->
		<!-- insert 태그안에는 resultType 속성이 없다. 리턴값은 자동으로 int 형이다. -->
		<!-- insert,update,delete 태그도 동일하다. -->
	<!--***************************************************-->
	<insert id="insertBoard" parameterType="com.naver.erp.BoardDTO" >
		insert into board( 
			b_no
			,subject
			,writer
			,readcount
			,content
			
			<if test="pic!=null and pic.length()>0">
			,pic
			</if>
			
			
			,pwd
			,email
			,group_no
			,print_no
			,print_level 		
		) values (
			(select nvl(max(b_no),0)+1 from board)
			,#{subject} <!-- BoardDTO 객체의 subject 속성변수 안의 값 삽입하기. 문자면 ' 를 앞뒤에 붙여준다.-->
			,#{writer}  <!-- BoardDTO 객체의 writer 속성변수 안의 값 삽입하기. 문자면 ' 를 앞뒤에 붙여준다.-->
			,0
			,#{content} <!-- BoardDTO 객체의 content 속성변수 안의 값 삽입하기. 문자면 ' 를 앞뒤에 붙여준다.-->
						
			<if test="pic!=null and pic.length()>0">
				,#{pic}
			</if>
			
			
			,#{pwd}     <!-- BoardDTO 객체의 pwd 속성변수 안의 값 삽입하기. 문자면 ' 를 앞뒤에 붙여준다.-->
			,#{email}   <!-- BoardDTO 객체의 email 속성변수 안의 값 삽입하기. 문자면 ' 를 앞뒤에 붙여준다.-->
			<!--***********************************************
			만약에 자바의 BoardDTO 객체의 속성변수 b_no 가  0보이면,  즉 새글쓰기 모드면 
			그룹번호를 PK 값으로, 출력순서 번호와 들여쓰기 레벨은 0 으로 입력하기 
			***********************************************-->
			<if test="b_no==0">
				,(select nvl(max(b_no),0)+1 from board)
				,0
				,0		
			</if>
			<!--***********************************************
			만약에 자바의 BoardDTO 객체의 속성변수 b_no 가  0보다 크면,  즉 댓글쓰기 모드면 
			그룹번호를 엄마 PK 번호로, 출력순서 번호와 들여쓰기 레벨은
			엄마꺼보다 1 더 큰 값으로 입력하기 
			***********************************************-->
			<if test="b_no>0">
				,(select group_no from board where b_no=#{b_no})
				,(select print_no+1 from board where b_no=#{b_no})	
				,(select print_level+1 from board where b_no=#{b_no})
			</if>
		)
	</insert>







	<!--**************************************************************************-->
	<!-- 게시판 검색하는 select 문을 내포한 select 태그 선언 -->
	<!--**************************************************************************-->
	<select id="getBoardList" parameterType="com.naver.erp.BoardSearchDTO" resultType="java.util.HashMap">
		select * from ( select  rownum RNUM, zxcvb.* from  (
				select 
					b_no||''                             "b_no"
					, subject                            "subject"
					, writer                              "writer"
					, readcount||''                       "readcount"
					, to_char(
						reg_date
						,'YYYY-MM-DD(DY)'
						,'nls_date_language=Korean'
					)                                     "reg_date"
					, print_level||''                     "print_level"
				from 
					board
				where
					1=1
					<!--=============================-->
					<!--<sql id="boardWhere"> 태그 안에 삽입된 SQL 구문 삽입하기-->
					<!--=============================-->
					<include refid="boardWhere"/>
				order by
					<if test="sort==null or sort.length()==0">
						group_no desc
						,print_no asc
					</if>
					<if test="sort!=null and sort.length()>0">
						${sort}
					</if>

		) zxcvb 
		
		<![CDATA[
			where  rownum <=${selectPageNo*rowCntPerPage}) 
					where  RNUM >=${selectPageNo*rowCntPerPage-rowCntPerPage+1}
		]]>
			
	</select>



	<!--*************************************************************-->
	<!-- 게시판 글 목록 총 개수 구하는  select 태그 선언-->
	<!--*************************************************************-->
	<select id="getBoardListAllCnt"  parameterType="com.naver.erp.BoardSearchDTO"  resultType="int">
		select
			count(*)
		from
			board
		where
			1=1
			<!--=============================-->
			<!--<sql id="boardWhere"> 태그 안에 삽입된 SQL 구문 삽입하기-->
			<!--=============================-->
			<include refid="boardWhere"/>

	</select>









	
	
	<!--*************************************************************-->
	<!-- 게시판 1개 글 검색하는 select 문을 내포한 select 태그 선언-->
	<!--*************************************************************-->
	<select id="getBoard" parameterType="int" resultType="com.naver.erp.BoardDTO">
		select 
			b_no 		 "b_no"
			,subject 	 "subject"
			,writer 	 "writer"
			,reg_date    "reg_date" 
			,readcount   "readcount"
			,content 	  "content"
			
			,pic 	      "pic"
			
			,pwd 		  "pwd"
			,email 		  "email"
			,group_no	  "group_no"
			,print_no	  "print_no"
			,print_level  "print_level"
		from board 
		where
			b_no=#{b_no}
	</select>

	<!-- **************************************************** -->
	<!-- 조회수 1증가하는 즉 수정하는 update 문을 내포한 update 태그 선언 -->
	<!-- **************************************************** -->
	<update id="updateReadcount" parameterType="int">
		update board set readcount = readcount+1
		where b_no=#{b_no}

	</update>


	<!-- **************************************************** -->
	<!-- 삭제/수정할 게시판의 존재 개수를 리턴하는 select 을 내포하는 select 태그 선언 -->
	<!-- **************************************************** -->
	<select id="getBoardCnt" parameterType="com.naver.erp.BoardDTO" resultType="int">
		select count(*) from board where b_no=#{b_no}
	</select>

	<!-- **************************************************** -->
	<!-- 삭제/수정할 게시판의 비밀번호 개수를 리턴하는 select 을 내포하는 select 태그 선언 -->
	<!-- **************************************************** -->
	<select id="getPwdCnt" parameterType="com.naver.erp.BoardDTO" resultType="int">
		select count(*) from board where b_no=#{b_no} and pwd=#{pwd}
	</select>




	<!-- **************************************************** -->
	<!-- 게시판 수정하는 update 을 내포하는 update 태그 선언 -->
	<!-- **************************************************** -->
	<update id="updateBoard" parameterType="com.naver.erp.BoardDTO">
		update
			board
		set
			subject = #{subject}
			,writer = #{writer}
			,content = #{content}
			
			<if test="pic!=null and pic.length()>0">
				,pic = #{pic}
			</if>
			
			,email = #{email}
		where
			b_no=#{b_no} and pwd=#{pwd}
	</update>





	<!-- **************************************************** -->
	<!-- 삭제할 게시판의 자식글 존재 개수를 리턴하는 select 내포하는 select 태그 선언 -->
	<!-- **************************************************** -->
	<select id="getChildrenCnt" parameterType="com.naver.erp.BoardDTO" resultType="int">
		select count(*) from board
		where 
			group_no=(select group_no from board where b_no = #{b_no})
			and print_no=(select print_no+1 from board where b_no = #{b_no})
			and print_level=(select print_level+1 from board where b_no = #{b_no})
	</select>

	<!-- **************************************************** -->
	<!-- 삭제될 게시판 이후 글의 출력 순서번호를 1씩 감소 시킨 후 수정하는 update 내포하는 update 태그  선언 -->
	<!-- **************************************************** -->
	<update id="downPrintNo" parameterType="com.naver.erp.BoardDTO">
		update board set print_no = print_no-1
		where 
			group_no=(select group_no from board where b_no = #{b_no})
			and 
			print_no >(select print_no from board where b_no = #{b_no})
	</update>

	<!-- **************************************************** -->
	<!-- 게시판 삭제하는 delete 내포하는 delete 태그  선언 -->
	<!-- **************************************************** -->
	<delete id="deleteBoard" parameterType="com.naver.erp.BoardDTO">
		delete from board where b_no=#{b_no} and pwd=#{pwd}
	</delete>


	<!--***************************************************-->
	<!-- 게시판 글 출력 번호 1 증가하는 update 문을 내포한 update 태그 선언 -->
	<!--***************************************************-->
	<update id='updatePrintNo' parameterType="com.naver.erp.BoardDTO" >
		update board set print_no=print_no+1
		where  
			group_no=(select group_no from board where b_no=#{b_no})   
			and
			print_no>(select print_no from board where b_no=#{b_no})
	</update>


	<!--***************************************************-->
	<!-- 게시판 이미지 이름 가져오는 select 문을 내포한 select 태그 선언 -->
	<!--***************************************************-->
	<select id="getPic" parameterType="com.naver.erp.BoardDTO" resultType="String">
		select pic from board where b_no=#{b_no} and pwd=#{pwd}
	</select>




</mapper>































