<?xml version="1.0" encoding="UTF-8"?>
<!DOCTYPE mapper PUBLIC "-//mybatis.org//DTD Mapper 3.0//EN" "http://mybatis.org/dtd/mybatis-3-mapper.dtd">

<mapper namespace="com.naver.erp.BoardDAO">

    <!-- ***************************************************** -->
    <!-- 게시판 글 입력하는 insert 문을 내포한 insert 태그 선언 -->
    <!-- ***************************************************** -->
        <!-- pararmeterType 속성은 안에 내장된 쿼리 호출하면서 삽입되는 데이터의 자료형을 지정함. -->
        <!-- insert 태그안에서는 resultType 속성이 없다. 리턴값은 자동으로 int 형이다. -->
        <!-- insert, update, delete 태그도 동일하다. -->
    <!-- ***************************************************** -->

    <insert id='insertBoard' parameterType="com.naver.erp.BoardDTO">
    
        insert into board(

            b_no
            ,subject
            ,writer
            ,readcount
            ,content
            ,pwd
            ,email
            ,group_no
            ,print_no
            ,print_level

        ) values(
            (select nvl(max(b_no),0)+1 from board)
            ,#{subject} <!-- BoardDTO 객체의 subject 속성변수 안의 값 삽입하기. 문자면 '' 를 앞뒤에 붙여준다. -->
            ,#{writer}  <!-- BoardDTO 객체의 writer 속성변수 안의 값 삽입하기. 문자면 '' 를 앞뒤에 붙여준다. -->
            ,0
            ,#{content} <!-- BoardDTO 객체의 content 속성변수 안의 값 삽입하기. 문자면 '' 를 앞뒤에 붙여준다. -->
            ,#{pwd}     <!-- BoardDTO 객체의 pwd 속성변수 안의 값 삽입하기. 문자면 '' 를 앞뒤에 붙여준다. -->
            ,#{email}   <!-- BoardDTO 객체의 email 속성변수 안의 값 삽입하기. 문자면 '' 를 앞뒤에 붙여준다. -->
            


            
            <!-- ********************************************************************
            만약에 자바의 BoardDTO 객체의 속성변수 b_no 가 0이면, 즉, 새글쓰기 모드면
            그룹번호를 PK 값으로, 출력순서 번호와 들여쓰기 레벨은 0 으로 입력하기
            ********************************************************************* -->
            <if test="b_no==0">
            ,(select nvl(max(b_no),0)+1 from board)
            ,0
            ,0
            </if>

            <!-- ********************************************************************
            만약에 자바의 BoardDTO 객체의 속성변수 b_no 가 0보다 크면, 즉, 댓글쓰기 모드면
            그룹번호를 엄마 PK 번호로, 출력순서 번호와 들여쓰기 레벨은
            엄마꺼보다 1 더 큰 값으로 입력하기
            ********************************************************************* -->
            <if test="b_no>0">
            , (select group_no from board where b_no=#{b_no}) 
            , (select print_no + 1 from board where b_no=#{b_no}) 
            , (select print_level + 1 from board where b_no=#{b_no}) 
            </if>
            

        )
    
    </insert>

    <!-- ********************************************************************* -->
    <!-- 게시판 검색하는 select 문을 내포한 select 태그 선언 -->
    <!-- ********************************************************************* -->
    <select id="getBoardList" parameterType="com.naver.erp.BoardSearchDTO" resultType="java.util.HashMap">

    select 
        b_no||''                               "b_no"
        ,subject                               "subject"
        ,writer                                "writer"
        ,readcount||''                         "readcount"
        ,to_char(reg_date, 'YYYY-MM-DD (dy)')  "reg_date"
        ,print_level||''                       "print_level"     
    from
        board
    where 
        1=1
        <!-- ============================================================== -->
        <!-- 만약 키워드가 null 이 아니고 길이가 0보다 크면 where 절에 참여하기 -->
        <!-- ============================================================== -->
        <if test="keyword1!=null and keyword1.length()>0">
        and (
            upper(subject) like upper('%${keyword1}%')
            or
            upper(content) like upper('%${keyword1}%')
            or
            upper(writer) like upper('%${keyword1}%')
            or
            upper(email) like upper('%${keyword1}%')
            or
            to_char(reg_date, 'YYYY-MM-DD') like '%${keyword1}%'
            or
            to_char(reg_date, 'YYYYMMDD') like '%${keyword1}%'
            or
            to_char(reg_date, 'YYYY/MM/DD') like '%${keyword1}%'
            or
            to_char(reg_date, 'YYYY,MM,DD') like '%${keyword1}%'
        )
        </if>


    order by 
        group_no desc
        ,print_no asc
    
    </select>


    <!-- ********************************************************************* -->
    <!-- 게시판 1개 글 검색하는 select 문을 내포한 select 태그 선언 -->
    <!-- ********************************************************************* -->
    <select id="getBoard" parameterType="int" resultType="com.naver.erp.BoardDTO">

        select

            b_no            "b_no"
            ,subject        "subject"
            ,writer         "writer"
            ,to_char(reg_date, 'YY-MM-DD (dy) HH24:MI:SS')       "reg_date"
            ,readcount      "readcount"
            ,content        "content"
            ,pwd            "pwd"
            ,email          "email"
            ,group_no       "group_no"
            ,print_no       "print_no"
            ,print_level    "print_level"

        from board 

        where 
            b_no=#{b_no}
    
    </select>



    <!-- ********************************************************************* -->
    <!-- 조회수 1 증가하는 즉, 수정하는 update 문을 내포한 update 태그 선언 -->
    <!-- ********************************************************************* -->
    <update id="updateReadcount" parameterType="int">
    
       update board set readcount = readcount + 1 where b_no=#{b_no}
    
    </update>




    <!-- ********************************************************************* -->
    <!-- 삭제/수정할 게시판의 존재 개수를 리턴하는 select 선언 -->
    <!-- ********************************************************************* -->
    <select id="getBoardCnt" parameterType="com.naver.erp.BoardDTO" resultType="int">

        select count(*) from board where b_no=#{b_no}

    </select>

    <!-- ********************************************************************* -->
    <!-- 삭제/수정할 비밀번호 개수를 리턴하는 select 선언 -->
    <!-- ********************************************************************* -->
    <select id="getPwdCnt" parameterType="com.naver.erp.BoardDTO" resultType="int">
        
        select count(*) from board where b_no=#{b_no} and pwd=#{pwd}

    </select>

    <!-- ********************************************************************* -->
    <!-- 게시판 수정하는 update 을 내포하는 update 태그 선언 -->
    <!-- ********************************************************************* -->
    <update id="updateBoard" parameterType="com.naver.erp.BoardDTO">

        update 
            board 
        set 
            subject=#{subject}
            ,writer=#{writer}
            ,content=#{content}
            ,email=#{email}
        where 
            b_no=#{b_no}
            and
            pwd=#{pwd}

    </update>


    <!-- ********************************************************************* -->
    <!-- 삭제할 게시판의 자식글 존재 개수를 리턴하는 select 내포하는 select 태그 선언 -->
    <!-- ********************************************************************* -->
    <select id="getChildrenCnt" parameterType="com.naver.erp.BoardDTO" resultType="int">

        select 
            count(*) 
        from 
            board 
        where 
            group_no=(select group_no from board where b_no = #{b_no})
            and 
            print_no=(select print_no+1 from board where b_no = #{b_no})
            and 
            print_level=(select print_level+1 from board where b_no = #{b_no})

    </select>

    <!-- ********************************************************************* -->
    <!-- 삭제될 게시판 이후 글의 출력 순서번호를 1씩 감소 시킨 후 수정하는 update 내포하는 update 태그 선언 -->
    <!-- ********************************************************************* -->
    <update id="downPrintNo" parameterType="com.naver.erp.BoardDTO">

        update 
            board 
        set 
            print_no= print_no - 1
        where 
            group_no = (select group_no from board where b_no = #{b_no})
            and
            print_no > (select print_no from board where b_no = #{b_no})


    </update>


    <!-- ********************************************************************* -->
    <!-- 게시판 삭제하는 delete 내포하는 delete 태그 선언 -->
    <!-- ********************************************************************* -->

    <delete id="deleteBoard" parameterType="com.naver.erp.BoardDTO">

        delete

        from 
            board         
        where 
            b_no=#{b_no}
            and
            pwd=#{pwd}

    </delete>


    <!-- ********************************************************************* -->
    <!-- 게시판 글 출력 번호 1증가하는 update 문을 내포한 update 태그 선언 -->
    <!-- ********************************************************************* -->
    <update id="updatePrintNo" parameterType="com.naver.erp.BoardDTO">

        update board set print_no = print_no + 1
        where 
            group_no = (select group_no from board where b_no=#{b_no}) 
            and
            print_no > (select print_no from board where b_no=#{b_no}) 

    </update>




    
</mapper>  



<!-- 위는 SQL 쿼리문,  -->
<!-- DB 와 연동하여 BoardDAOImpl.java 에서 호출한 메소드 boardDTO 의 리턴값을 받아서, -->
<!-- 쿼리문에서  -->
<!-- insert 를 날린다.  -->






